iter,v_fun_0
0,-50.0
1,-48.89333333333333
2,-48.88973055555556
3,-48.889588150060014
4,-48.889582874387486
5,-48.88958269328846
