iter,v_fun_0
0,-50.0
1,-49.89899333333334
2,-49.898989977309725
