lambda,V_0
0.01,-49.898989977309725
0.05,-49.473726647205766
0.1,-48.88958269328846
0.3,-45.778170166519175
0.5,-40.61861582199856
0.7,-30.296848005951542
0.9,14.575244169943588
