iter,v_fun_0
0,-50.0
1,-49.47416666666667
2,-49.47373464265046
3,-49.47372678491053
4,-49.473726647205766
